<?xml version="1.0" encoding="UTF-8"?>
<entity-mappings xmlns="http://xmlns.jcp.org/xml/ns/persistence/orm"
    xmlns:xsi="http://www.w3.org/2001/XMLSchema-instance"
    xsi:schemaLocation="http://xmlns.jcp.org/xml/ns/persistence/orm
        http://xmlns.jcp.org/xml/ns/persistence/orm_2_2.xsd" version="2.2">

<!-- SparePart queries-->
<named-query name="SparePart.findByCode">
		<query>select v from SparePart v where v.code = ?1</query>
	</named-query>
	
	<named-query name="SparePart.findByDescription">
		<query>select v from SparePart v where v.description = ?1</query>
	</named-query>
	
<!-- Client queries-->
	<named-query name="Client.findByName">
		<query>select v from Client v where v.name = ?1</query>
	</named-query>
	<named-query name="Client.findBySurname">
		<query>select v from Client v where v.surname = ?1</query>
	</named-query>
	<!-- Vehicle queries --> 
	<named-query name="Vehicle.findByPlate">
		<query>select v from Vehicle v where v.plateNumber = ?1</query>
	</named-query>
	<named-query name="Vehicle.findByClient">
		<query>select v from Vehicle v where v.client.dni = ?1</query>
	</named-query>
	<!-- VehicleType queries --> 
	<named-query name="VehicleType.findByName">
		<query>select v from VehicleType v where v.name = ?1</query>
	</named-query>
	<!-- WorkOrder queries --> 
	<named-query name="WorkOrder.findByIds">
		<query>select a from WorkOrder a where a.id in ?1</query>
	</named-query>
	<named-query name = "WorkOrder.findNotInvoicedByDni">
		<query>select a from WorkOrder a 
				where a.status = ?2 
				and a.vehicle.client.dni = ?1</query>
	</named-query>
	<named-query name = "WorkOrder.findNotInvoicedByPlate">
		<query>select a from WorkOrder a 
				where a.status = ?2 
				and a.vehicle.plateNumber = ?1</query>
	</named-query>
	<named-query name = "WorkOrder.findByVehicle">
		<query>select a from WorkOrder a 
				where a.vehicle.plateNumber = ?1</query>
	</named-query>
	<named-query name = "WorkOrder.findByDateAndVehicle">
		<query>select a from WorkOrder a 
				where a.status = ?3
				and a.vehicle.plateNumber = ?1
				and a.date = ?2</query>
	</named-query>
	<named-query name = "WorkOrder.findByMechanic">
		<query>select a from WorkOrder a 
				where a.mechanic.id = ?1</query>
	</named-query>

	<!-- PaymentMean queries -->
	<named-query name="PaymentMean.findByInvoiceId">
		<query>
			select m 
			from Invoice f 
				join f.workOrders w 
				join w.vehicle.client c 
				join c.paymentMeans m 
			where f.id = ?1
		</query>
	</named-query>
	<named-query name="PaymentMean.findByClient">
		<query>
			select m 
			from PaymentMean m
				
			where m.client.dni = ?1
		</query>
	</named-query>
	<named-query name="PaymentMean.findByClientId">
		<query>
			select m 
			from PaymentMean m
				
			where m.client.id = ?1
		</query>
	</named-query>
	
	<!-- Mechanic queries -->
	<named-query name="Mechanic.findByDni">
		<query>
			select m 
			from Mechanic m 
			where m.dni like  ?1 
		</query>
	</named-query>

	<named-query name="Mechanic.findAll">
		<query>
			select m 
			from Mechanic m 
		</query>
	</named-query>
	<named-query name="Mechanic.findInForce">
		<query>
			select m 
			from Mechanic m 
			where m.contract is not null
				and m.contract.state = ?1
		</query>
	</named-query>
	<named-query name="Mechanic.findInContractType">
		<query>
			select m 
			from Mechanic m 
			where m.contract.contractType = ?1
		</query>
	</named-query>
	<named-query name="Mechanic.findInProfessionalGroup">
		<query>
			select m 
			from Mechanic m 
			where m.contract.professionalGroup = ?1
		</query>
	</named-query>

	<!-- Invoice queries -->
	<named-query name="Invoice.findByNumber">
		<query>select f from Invoice f where f.number = ?1</query>
	</named-query>
	
	<named-query name="Invoice.getNextInvoiceNumber">
		<query>select max(f.number) + 1 from Invoice f</query>
	</named-query>
	
	<!--Client queries-->
	<named-query name="Client.findByDni">
		<query>select c from Client c where c.dni = ?1</query>
	</named-query>
	<!--Contract Type queries-->
	<named-query name="ContractType.findByName">
		<query>select c from ContractType c where c.name = ?1</query>
	</named-query>
	<!--Contract queries-->
	<named-query name="Contract.findInForce">
		<query>select c from Contract c
				where c.state = ?1		
		</query>
	</named-query>
	<named-query name="Contract.findByMechId">
		<query>select c from Contract c
				where c.mechanic.dni = ?1		
		</query>
	</named-query>
	<named-query name="Contract.findInForceByDni">
		<query>select c from Contract c
				where c.mechanic.dni = ?1 and 	c.state = ?2		
		</query>
	</named-query>
	<named-query name="Contract.findByProfessionalGroupId">
		<query>select c from Contract c
				where c.professionalGroup.name = ?1		
		</query>
	</named-query>
	<named-query name="Contract.findByContractTypeId">
		<query>select c from Contract c
				where c.contractType.name = ?1		
		</query>
	</named-query>
	<named-query name="Contract.findByMonth">
		<query>select c from Contract c
				where c.startDate > ?1	
				and ?2 > c.startDate	
				and c.state = ?3
		</query>
	</named-query>
	<named-query name="Contract.findTerminated">
		<query>select c from Contract c
				where c.state = ?1		
		</query>
	</named-query>
	<!--Intervention queries-->
	<named-query name="Intervention.findBetweenDates">
		<query>select c from Intervention c 
			where c.id = ?1
			and c.date > ?3
			and ?2 > c.date
		</query>
	</named-query>
	<!--ProfessionalGroup queries-->
	<named-query name="ProfessionalGroup.findByName">
		<query>select c from ProfessionalGroup c where c.name = ?1</query>
	</named-query>
	<!--Payroll queries-->
	<named-query name="Payroll.findByContract">
		<query>select c from Payroll c 
		where c.contract.id = ?1</query>
	</named-query>
	<named-query name="Payroll.findCurrentMonth">
		<query>select c from Payroll c 
		where
			 c.date > ?3
			and ?2 > c.date</query>
	</named-query>
	<named-query name="Payroll.findCurrentMonthByContract">
		<query>select c from Payroll c 
		where c.date > ?3
			and ?2 > c.date
		and c.contract.id = ?2</query>
	</named-query>
	<!-- Payroll queries -->
	<named-query name="Payroll.findCurrentMonthPayrolls">
		<query>
			select p 
			from Payroll p 
			where FUNC('MONTH', p.date) = ?1 and FUNC('YEAR', p.date) = ?2
		</query>
	</named-query>
	
	<named-query name="Payroll.findByDate">
		<query>
			select p 
			from Payroll p
			where FUNC('MONTH', p.date) = ?1 and FUNC('YEAR', p.date) = ?2
		</query>
	</named-query>
	<!--CreditCard queries-->
	<named-query name="CreditCard.findByNumber">
		<query>select c from CreditCard c 
		where c.number = ?1</query>
	</named-query>
	<!--Voucher queries-->
	<named-query name="Voucher.findById">
		<query>select c from Voucher c 
		where c.id = ?1</query>
	</named-query>
	<named-query name="Voucher.findByClientDNI">
		<query>select c from Voucher c 
		where c.client.dni = ?1</query>
	</named-query>
	<named-query name="Voucher.findByClient">
		<query>select c from Voucher c 
		where c.client.id = ?1</query>
	</named-query>
	<named-query name="Voucher.findByCode">
		<query>select c from Voucher c 
		where c.code = ?1</query>
	</named-query>
	
<!-- 
	Use this format if your query has 
	numeric comparisons as the one in this example
	
	<named-query name="findItemsOnSaleByCategoryId">
		<query>
			<![CDATA[
			select i 
				from Item i join i.categories c
				where c.id = ?2
					and i.startDate <= ?1
					and i.endDate >= ?1 
			]]>
		</query>
	</named-query>
 -->		


</entity-mappings>